<environmentvariabledefinition schemaname="new_shared_sharepointonline_da1a00686a5f477ab8dea24cec10bace">
  <apiid>/providers/microsoft.powerapps/apis/shared_sharepointonline</apiid>
  <displayname default="TicketingSystem_SP_Site">
    <label description="TicketingSystem_SP_Site" languagecode="1033" />
  </displayname>
  <introducedversion>1.0</introducedversion>
  <iscustomizable>1</iscustomizable>
  <isrequired>0</isrequired>
  <parameterkey>dataset</parameterkey>
  <secretstore>0</secretstore>
  <type>100000004</type>
</environmentvariabledefinition>