<environmentvariabledefinition schemaname="new_shared_sharepointonline_1e357a40d0044e6bbb514dd368265d4b">
  <apiid>/providers/microsoft.powerapps/apis/shared_sharepointonline</apiid>
  <displayname default="TicketingSystem_Teams">
    <label description="TicketingSystem_Teams" languagecode="1033" />
  </displayname>
  <introducedversion>1.0</introducedversion>
  <iscustomizable>1</iscustomizable>
  <isrequired>0</isrequired>
  <parameterkey>table</parameterkey>
  <parentdefinitionid>
    <schemaname>new_shared_sharepointonline_da1a00686a5f477ab8dea24cec10bace</schemaname>
  </parentdefinitionid>
  <secretstore>0</secretstore>
  <type>100000004</type>
</environmentvariabledefinition>