{
  "properties": {
    "connectionReferences": {
      "shared_sharepointonline": {
        "runtimeSource": "invoker",
        "connection": {
          "connectionReferenceLogicalName": "daporh_sharedsharepointonline_3b2df"
        },
        "api": {
          "name": "shared_sharepointonline"
        }
      }
    },
    "definition": {
      "$schema": "https://schema.management.azure.com/providers/Microsoft.Logic/schemas/2016-06-01/workflowdefinition.json#",
      "contentVersion": "1.0.0.0",
      "parameters": {
        "$connections": {
          "defaultValue": {},
          "type": "Object"
        },
        "$authentication": {
          "defaultValue": {},
          "type": "SecureObject"
        },
        "TicketingSystem_SP_Site (new_shared_sharepointonline_da1a00686a5f477ab8dea24cec10bace)": {
          "defaultValue": "https://5tc1fr.sharepoint.com/sites/Development",
          "type": "String",
          "metadata": {
            "schemaName": "new_shared_sharepointonline_da1a00686a5f477ab8dea24cec10bace"
          }
        }
      },
      "triggers": {
        "manual": {
          "metadata": {
            "operationMetadataId": "07f94f16-9344-4864-ba66-ab2de1f4a8ce"
          },
          "type": "Request",
          "kind": "PowerAppV2",
          "inputs": {
            "schema": {
              "type": "object",
              "properties": {
                "text": {
                  "title": "ListName",
                  "type": "string",
                  "x-ms-dynamically-added": true,
                  "description": "Please enter your input",
                  "x-ms-content-hint": "TEXT"
                },
                "text_2": {
                  "title": "Query",
                  "type": "string",
                  "x-ms-dynamically-added": true,
                  "description": "Please enter your input",
                  "x-ms-content-hint": "TEXT"
                },
                "text_3": {
                  "title": "Filter",
                  "type": "string",
                  "x-ms-dynamically-added": true,
                  "description": "Please enter your input",
                  "x-ms-content-hint": "TEXT"
                },
                "text_4": {
                  "title": "OrderBy",
                  "type": "string",
                  "x-ms-dynamically-added": true,
                  "description": "Please enter your input",
                  "x-ms-content-hint": "TEXT"
                },
                "boolean": {
                  "title": "MultiColumn",
                  "type": "boolean",
                  "x-ms-dynamically-added": true,
                  "description": "Please select yes or no",
                  "x-ms-content-hint": "BOOLEAN"
                },
                "text_5": {
                  "title": "IncompleteResult",
                  "type": "string",
                  "x-ms-dynamically-added": true,
                  "description": "Please enter your input",
                  "x-ms-content-hint": "TEXT"
                }
              },
              "required": [
                "text",
                "text_2",
                "boolean",
                "text_5"
              ]
            }
          }
        }
      },
      "actions": {
        "QuerySharePoint": {
          "runAfter": {
            "InitResponseType": [
              "Succeeded"
            ]
          },
          "limit": {
            "timeout": "PT5S"
          },
          "metadata": {
            "operationMetadataId": "dc7f706e-486f-47b2-9071-794e1f296d4d"
          },
          "type": "OpenApiConnection",
          "inputs": {
            "host": {
              "connectionName": "shared_sharepointonline",
              "operationId": "HttpRequest",
              "apiId": "/providers/Microsoft.PowerApps/apis/shared_sharepointonline"
            },
            "parameters": {
              "dataset": "@parameters('TicketingSystem_SP_Site (new_shared_sharepointonline_da1a00686a5f477ab8dea24cec10bace)')",
              "parameters/method": "GET",
              "parameters/uri": "_api/web/lists/getbytitle('@{triggerBody()['text']}')/items@{triggerBody()['text_2']}",
              "parameters/headers": {
                "accept": "application/json; odata=nometadata"
              }
            },
            "authentication": "@parameters('$authentication')",
            "retryPolicy": {
              "type": "none"
            }
          }
        },
        "Fallback": {
          "actions": {
            "Condition": {
              "actions": {
                "RemoveClutter": {
                  "runAfter": {
                    "GetItemsForMultiColumn": [
                      "Succeeded"
                    ]
                  },
                  "metadata": {
                    "operationMetadataId": "2243e6e1-e3f9-4a5a-8a5c-64b5962befdb"
                  },
                  "type": "Select",
                  "inputs": {
                    "from": "@outputs('GetItemsForMultiColumn')?['body/value']",
                    "select": "@removeProperty(removeProperty(removeProperty(removeProperty(removeProperty(removeProperty(removeProperty(removeProperty(removeProperty(removeProperty(item(), '{VersionNumber}'), '{HasAttachments}'), '{FullPath}'), '{Path}'), '{FilenameWithExtension}'), '{Name}'), '{Thumbnail}'), '{Link}'), '{Identifier}'), '{IsFolder}')"
                  }
                },
                "GetListInfo": {
                  "runAfter": {},
                  "metadata": {
                    "operationMetadataId": "6e0dd28a-8a1f-4f56-a75d-5a9e4a6e762d"
                  },
                  "type": "OpenApiConnection",
                  "inputs": {
                    "host": {
                      "connectionName": "shared_sharepointonline",
                      "operationId": "HttpRequest",
                      "apiId": "/providers/Microsoft.PowerApps/apis/shared_sharepointonline"
                    },
                    "parameters": {
                      "dataset": "@parameters('TicketingSystem_SP_Site (new_shared_sharepointonline_da1a00686a5f477ab8dea24cec10bace)')",
                      "parameters/method": "GET",
                      "parameters/uri": "_api/web/lists/getbytitle('@{triggerBody()['text']}')",
                      "parameters/headers": {
                        "accept": "application/json; odata=nometadata"
                      }
                    },
                    "authentication": "@parameters('$authentication')"
                  }
                },
                "GetItemsForMultiColumn": {
                  "runAfter": {
                    "GetListInfo": [
                      "Succeeded"
                    ]
                  },
                  "metadata": {
                    "operationMetadataId": "484d073d-d0d4-43a0-bb5e-1dc496c48e27"
                  },
                  "type": "OpenApiConnection",
                  "inputs": {
                    "host": {
                      "connectionName": "shared_sharepointonline",
                      "operationId": "GetItems",
                      "apiId": "/providers/Microsoft.PowerApps/apis/shared_sharepointonline"
                    },
                    "parameters": {
                      "dataset": "@parameters('TicketingSystem_SP_Site (new_shared_sharepointonline_da1a00686a5f477ab8dea24cec10bace)')",
                      "table": "@body('GetListInfo')?['Id']",
                      "$filter": "@triggerBody()['text_3']",
                      "$orderby": "@triggerBody()['text_4']",
                      "$top": 5000
                    },
                    "authentication": "@parameters('$authentication')"
                  },
                  "runtimeConfiguration": {
                    "paginationPolicy": {
                      "minimumItemCount": 100000
                    }
                  }
                },
                "SetResponseTypeForMultiColumn": {
                  "runAfter": {
                    "RemoveClutter": [
                      "Succeeded"
                    ]
                  },
                  "metadata": {
                    "operationMetadataId": "88b6ace7-ed2b-4cab-bb9d-88968275f657"
                  },
                  "type": "SetVariable",
                  "inputs": {
                    "name": "ResponseType",
                    "value": "get_items"
                  }
                }
              },
              "runAfter": {},
              "else": {
                "actions": {
                  "getMaxID": {
                    "runAfter": {},
                    "metadata": {
                      "operationMetadataId": "ba670bdf-159e-40a9-84e9-32bd90ce9249"
                    },
                    "type": "OpenApiConnection",
                    "inputs": {
                      "host": {
                        "connectionName": "shared_sharepointonline",
                        "operationId": "HttpRequest",
                        "apiId": "/providers/Microsoft.PowerApps/apis/shared_sharepointonline"
                      },
                      "parameters": {
                        "dataset": "@parameters('TicketingSystem_SP_Site (new_shared_sharepointonline_da1a00686a5f477ab8dea24cec10bace)')",
                        "parameters/method": "GET",
                        "parameters/uri": "_api/web/lists/getbytitle('@{triggerBody()['text']}')/items?$select=ID&$top=1&$orderby=ID desc",
                        "parameters/headers": {
                          "accept": "application/json; odata=nometadata"
                        }
                      },
                      "authentication": "@parameters('$authentication')"
                    }
                  },
                  "RetryOffset": {
                    "runAfter": {
                      "IsDescOnIDorCreated": [
                        "Succeeded"
                      ]
                    },
                    "metadata": {
                      "operationMetadataId": "4ff0e0a0-de15-4fb9-a24a-6093f63ed22b"
                    },
                    "type": "Compose",
                    "inputs": "@div(coalesce(body('getMaxID')?['value']?[0]?['ID'], 0),10)"
                  },
                  "SetCurrentOffset": {
                    "runAfter": {
                      "RetryOffset": [
                        "Succeeded"
                      ]
                    },
                    "metadata": {
                      "operationMetadataId": "c51b1b32-79e9-4d64-ae77-7a73b57db079"
                    },
                    "type": "SetVariable",
                    "inputs": {
                      "name": "CurrentOffset",
                      "value": "@if(outputs('IsDescOnIDorCreated'),outputs('RetryOffset'),sub(coalesce(body('getMaxID')?['value']?[0]?['ID'], 0),outputs('RetryOffset')))"
                    }
                  },
                  "Do_until": {
                    "actions": {
                      "ComposeIDFilterOffset": {
                        "runAfter": {},
                        "metadata": {
                          "operationMetadataId": "20cf176c-fdf8-42aa-8181-984d6d8502a9"
                        },
                        "type": "Compose",
                        "inputs": "and (ID @{If(outputs('IsDescOnIDorCreated'),'ge','le')} @{variables('CurrentOffset')})"
                      },
                      "DecrementCurrentOffset": {
                        "runAfter": {
                          "RetryScope": [
                            "Succeeded",
                            "Failed",
                            "Skipped",
                            "TimedOut"
                          ]
                        },
                        "metadata": {
                          "operationMetadataId": "af5e5bfb-0d83-41c6-b2f4-87035c8e13c9"
                        },
                        "type": "DecrementVariable",
                        "inputs": {
                          "name": "CurrentOffset",
                          "value": "@mul(outputs('RetryOffset'),if(outputs('IsDescOnIDorCreated'),-1,1))"
                        }
                      },
                      "RetryScope": {
                        "actions": {
                          "QuerySharePointRetry": {
                            "runAfter": {},
                            "limit": {
                              "timeout": "PT5S"
                            },
                            "metadata": {
                              "operationMetadataId": "dc7f706e-486f-47b2-9071-794e1f296d4d"
                            },
                            "type": "OpenApiConnection",
                            "inputs": {
                              "host": {
                                "connectionName": "shared_sharepointonline",
                                "operationId": "HttpRequest",
                                "apiId": "/providers/Microsoft.PowerApps/apis/shared_sharepointonline"
                              },
                              "parameters": {
                                "dataset": "@parameters('TicketingSystem_SP_Site (new_shared_sharepointonline_da1a00686a5f477ab8dea24cec10bace)')",
                                "parameters/method": "GET",
                                "parameters/uri": "_api/web/lists/getbytitle('@{triggerBody()['text']}')/items@{triggerBody()['text_2']}@{outputs('ComposeIDFilterOffset')}",
                                "parameters/headers": {
                                  "accept": "application/json; odata=nometadata"
                                }
                              },
                              "authentication": "@parameters('$authentication')",
                              "retryPolicy": {
                                "type": "none"
                              }
                            }
                          },
                          "SetNextQueryForQuerySharePointRetry": {
                            "runAfter": {
                              "QuerySharePointRetry": [
                                "Succeeded"
                              ]
                            },
                            "metadata": {
                              "operationMetadataId": "e5d4ae9a-3c94-4369-9405-345f98f98baa"
                            },
                            "type": "SetVariable",
                            "inputs": {
                              "name": "NextQuery",
                              "value": "@{if(\r\n    empty(body('QuerySharePointRetry')?['odata.nextLink']),\r\n    null,\r\n    uriQuery(body('QuerySharePointRetry')?['odata.nextLink'])\r\n)}"
                            }
                          },
                          "SetLoopResults": {
                            "runAfter": {
                              "SetNextQueryForQuerySharePointRetry": [
                                "Succeeded"
                              ]
                            },
                            "metadata": {
                              "operationMetadataId": "91ad928d-aef0-4aa9-8506-aad0a12c3c37"
                            },
                            "type": "SetVariable",
                            "inputs": {
                              "name": "LoopResults",
                              "value": "@body('QuerySharePointRetry')?['value']"
                            }
                          },
                          "SetIncompleteResults": {
                            "runAfter": {
                              "SetLoopResults": [
                                "Succeeded"
                              ]
                            },
                            "metadata": {
                              "operationMetadataId": "adf0763e-8920-432e-8551-b5adae22c8a1"
                            },
                            "type": "SetVariable",
                            "inputs": {
                              "name": "InCompleteResult",
                              "value": "true"
                            }
                          },
                          "SetResponseTypeForQuerySharePointRetry": {
                            "runAfter": {
                              "SetIncompleteResults": [
                                "Succeeded"
                              ]
                            },
                            "metadata": {
                              "operationMetadataId": "3d5086e2-38ca-4b63-94f4-9516ab758aad"
                            },
                            "type": "SetVariable",
                            "inputs": {
                              "name": "ResponseType",
                              "value": "http"
                            }
                          }
                        },
                        "runAfter": {
                          "ComposeIDFilterOffset": [
                            "Succeeded"
                          ]
                        },
                        "metadata": {
                          "operationMetadataId": "e1a301fe-1b6c-45be-ab71-6ee44dfa0004"
                        },
                        "type": "Scope"
                      }
                    },
                    "runAfter": {
                      "SetCurrentOffset": [
                        "Succeeded"
                      ]
                    },
                    "expression": "@or(greater(length(variables('LoopResults')), 0),less(variables('CurrentOffset'), 1),greater(variables('CurrentOffset'),body('getMaxID')?['value']?[0]?['ID']))",
                    "limit": {
                      "count": 60,
                      "timeout": "PT1H"
                    },
                    "metadata": {
                      "operationMetadataId": "5087be2e-9316-46fe-8d4c-9008ce45cb36"
                    },
                    "type": "Until"
                  },
                  "IsDescOnIDorCreated": {
                    "runAfter": {
                      "FilterForOrderBy": [
                        "Succeeded"
                      ]
                    },
                    "metadata": {
                      "operationMetadataId": "840403c1-0151-4ced-8491-fab1e859c3df"
                    },
                    "type": "Compose",
                    "inputs": "@or(equals(toLower(split(first(body('FilterForOrderBy')),'=')?[1]), 'id desc'),equals(toLower(split(first(body('FilterForOrderBy')),'=')?[1]), 'created desc'))"
                  },
                  "FilterForOrderBy": {
                    "runAfter": {
                      "getMaxID": [
                        "Succeeded"
                      ]
                    },
                    "metadata": {
                      "operationMetadataId": "3707569a-c2b6-4ced-aad1-5166d64f45d6"
                    },
                    "type": "Query",
                    "inputs": {
                      "from": "@split(triggerBody()['text_2'],'&')",
                      "where": "@startsWith(toLower(item()), '$orderby')"
                    }
                  }
                }
              },
              "expression": {
                "equals": [
                  "@triggerBody()['boolean']",
                  true
                ]
              },
              "metadata": {
                "operationMetadataId": "68e4a346-a5fd-4e9b-9569-29c8b06219d8"
              },
              "type": "If"
            }
          },
          "runAfter": {
            "SetNextQueryForQuerySharePoint": [
              "Failed",
              "Skipped"
            ]
          },
          "metadata": {
            "operationMetadataId": "30100e34-b282-4afc-98b2-ba860bd280a3"
          },
          "type": "Scope"
        },
        "Results": {
          "runAfter": {
            "Fallback": [
              "Succeeded",
              "Failed",
              "Skipped",
              "TimedOut"
            ]
          },
          "metadata": {
            "operationMetadataId": "49fb44f1-bf50-4ed4-84aa-5908ae200ccb"
          },
          "type": "Compose",
          "inputs": "@coalesce(body('QuerySharePoint')?['value'],body('RemoveClutter'),variables('LoopResults'))"
        },
        "InitCurrentOffset": {
          "runAfter": {},
          "metadata": {
            "operationMetadataId": "9a594c16-4a46-48ea-9027-b56c51ef9107"
          },
          "type": "InitializeVariable",
          "inputs": {
            "variables": [
              {
                "name": "CurrentOffset",
                "type": "integer"
              }
            ]
          }
        },
        "InitNextQuery": {
          "runAfter": {
            "InitCurrentOffset": [
              "Succeeded"
            ]
          },
          "metadata": {
            "operationMetadataId": "f41cd0ad-aab5-4ce0-bcdd-5608535e034e"
          },
          "type": "InitializeVariable",
          "inputs": {
            "variables": [
              {
                "name": "NextQuery",
                "type": "string"
              }
            ]
          }
        },
        "SetNextQueryForQuerySharePoint": {
          "runAfter": {
            "SetResponseTypeForQuerySharePoint": [
              "Succeeded"
            ]
          },
          "metadata": {
            "operationMetadataId": "0226346e-b3c7-4f2c-9983-fd0ebc3a7012"
          },
          "type": "SetVariable",
          "inputs": {
            "name": "NextQuery",
            "value": "@{if(\r\n    empty(body('QuerySharePoint')?['odata.nextLink']),\r\n    null,\r\n    uriQuery(body('QuerySharePoint')?['odata.nextLink'])\r\n)}"
          }
        },
        "InitLoopResults": {
          "runAfter": {
            "InitNextQuery": [
              "Succeeded"
            ]
          },
          "metadata": {
            "operationMetadataId": "0ada293a-bdd0-40c5-944c-9778317b74b5"
          },
          "type": "InitializeVariable",
          "inputs": {
            "variables": [
              {
                "name": "LoopResults",
                "type": "array"
              }
            ]
          }
        },
        "InitIncompleteResult": {
          "runAfter": {
            "InitLoopResults": [
              "Succeeded"
            ]
          },
          "metadata": {
            "operationMetadataId": "6412c810-e4dd-403a-ba66-a5046e39e032"
          },
          "type": "InitializeVariable",
          "inputs": {
            "variables": [
              {
                "name": "IncompleteResult",
                "type": "string",
                "value": "@triggerBody()['text_5']"
              }
            ]
          }
        },
        "Respond_to_a_PowerApp_or_flow": {
          "runAfter": {
            "Results": [
              "Succeeded"
            ]
          },
          "metadata": {
            "operationMetadataId": "e1a7f082-7b33-46f3-b74d-fae94c701982"
          },
          "type": "Response",
          "kind": "PowerApp",
          "inputs": {
            "statusCode": 200,
            "body": {
              "results": "@{outputs('Results')}",
              "next": "@variables('NextQuery')",
              "incomplete": "@variables('IncompleteResult')",
              "responsetype": "@variables('ResponseType')"
            },
            "schema": {
              "type": "object",
              "properties": {
                "results": {
                  "title": "results",
                  "x-ms-dynamically-added": true,
                  "type": "string"
                },
                "next": {
                  "title": "next",
                  "x-ms-dynamically-added": true,
                  "type": "string"
                },
                "incomplete": {
                  "title": "incomplete",
                  "x-ms-dynamically-added": true,
                  "type": "string"
                },
                "responsetype": {
                  "title": "responsetype",
                  "x-ms-dynamically-added": true,
                  "type": "string"
                }
              }
            }
          }
        },
        "InitResponseType": {
          "runAfter": {
            "InitIncompleteResult": [
              "Succeeded"
            ]
          },
          "metadata": {
            "operationMetadataId": "a26ab329-b962-4762-a80d-3c4021fe308b"
          },
          "type": "InitializeVariable",
          "inputs": {
            "variables": [
              {
                "name": "ResponseType",
                "type": "string"
              }
            ]
          }
        },
        "SetResponseTypeForQuerySharePoint": {
          "runAfter": {
            "QuerySharePoint": [
              "Succeeded"
            ]
          },
          "metadata": {
            "operationMetadataId": "f2db9d4e-8f79-43c9-82db-ca19d0fd224a"
          },
          "type": "SetVariable",
          "inputs": {
            "name": "ResponseType",
            "value": "http"
          }
        }
      }
    },
    "templateName": ""
  },
  "schemaVersion": "1.0.0.0"
}