<ImportExportXml xmlns:xsi="http://www.w3.org/2001/XMLSchema-instance">
  <Entities></Entities>
  <Roles></Roles>
  <Workflows>
    <Workflow WorkflowId="{aac76a72-714f-ee11-be6d-000d3a455e20}" Name="SearchFlow">
      <JsonFileName>/Workflows/SearchFlow-AAC76A72-714F-EE11-BE6D-000D3A455E20.json</JsonFileName>
      <Type>1</Type>
      <Subprocess>0</Subprocess>
      <Category>5</Category>
      <Mode>0</Mode>
      <Scope>4</Scope>
      <OnDemand>0</OnDemand>
      <TriggerOnCreate>0</TriggerOnCreate>
      <TriggerOnDelete>0</TriggerOnDelete>
      <AsyncAutodelete>0</AsyncAutodelete>
      <SyncWorkflowLogOnFailure>0</SyncWorkflowLogOnFailure>
      <StateCode>1</StateCode>
      <StatusCode>2</StatusCode>
      <RunAs>1</RunAs>
      <IsTransacted>1</IsTransacted>
      <IntroducedVersion>1.0.0.0</IntroducedVersion>
      <IsCustomizable>1</IsCustomizable>
      <BusinessProcessType>0</BusinessProcessType>
      <IsCustomProcessingStepAllowedForOtherPublishers>1</IsCustomProcessingStepAllowedForOtherPublishers>
      <PrimaryEntity>none</PrimaryEntity>
      <LocalizedNames>
        <LocalizedName languagecode="1033" description="SearchFlow" />
      </LocalizedNames>
    </Workflow>
  </Workflows>
  <FieldSecurityProfiles></FieldSecurityProfiles>
  <Templates />
  <EntityMaps />
  <EntityRelationships />
  <OrganizationSettings />
  <optionsets />
  <CustomControls />
  <EntityDataProviders />
  <CanvasApps>
    <CanvasApp>
      <Name>daporh_ticketingsystemalt_d75b4</Name>
      <AppVersion>2023-10-07T12:13:57Z</AppVersion>
      <Status>Ready</Status>
      <CreatedByClientVersion>3.23093.27.0</CreatedByClientVersion>
      <MinClientVersion>3.23093.27.0</MinClientVersion>
      <Tags>{"primaryDeviceWidth":"1911","primaryDeviceHeight":"855","supportsPortrait":"true","supportsLandscape":"true","primaryFormFactor":"Tablet","showStatusBar":"false","publisherVersion":"3.23093.27","minimumRequiredApiVersion":"2.2.0","hasComponent":"true","hasUnlockedComponent":"true","isUnifiedRootApp":"false","sienaVersion":"20231007T120557Z-3.23093.27.0"}</Tags>
      <IsCdsUpgraded>0</IsCdsUpgraded>
      <GalleryItemId xsi:nil="true"></GalleryItemId>
      <BackgroundColor>RGBA(0,176,240,1)</BackgroundColor>
      <DisplayName>Ticketing System Alt</DisplayName>
      <Description xsi:nil="true"></Description>
      <CommitMessage xsi:nil="true"></CommitMessage>
      <Publisher xsi:nil="true"></Publisher>
      <AuthorizationReferences>[]</AuthorizationReferences>
      <ConnectionReferences>{"f07163c8-7faf-43e4-9bb6-538fc390cd79":{"id":"/providers/microsoft.powerapps/apis/shared_office365users","displayName":"Office 365 Users","iconUri":"https://connectoricons-prod.azureedge.net/u/henryorsborn/partial-builds/asev3migrations-with-resourceTemplate/1.0.1653.3414/office365users/icon.png","dataSources":["Office365Users"],"dependencies":[],"dependents":[],"parameterHints":{},"parameterHintsV2":{},"isOnPremiseConnection":false,"bypassConsent":false,"dataSets":{},"apiTier":"Standard","actions":["MyProfile_V2"]},"6b9561fc-84a3-4b44-84ab-f7e14b4ae361":{"id":"/providers/microsoft.powerapps/apis/shared_sharepointonline","displayName":"SharePoint","iconUri":"https://connectoricons-prod.azureedge.net/u/henryorsborn/partial-builds/asev3migrations-with-resourceTemplate/1.0.1653.3414/sharepointonline/icon.png","dataSources":["TicketingSystem_ServiceTickets","TicketingSystem_Teams"],"dependencies":[],"dependents":["febad12c-3c88-4a09-b0d5-9cc6206870b1"],"parameterHints":{},"parameterHintsV2":{},"isOnPremiseConnection":false,"bypassConsent":false,"dataSets":{"https://5tc1fr.sharepoint.com/sites/Development_new_shared_sharepointonline_da1a00686a5f477ab8dea24cec10bace":{"datasetOverride":{"name":"https://5tc1fr.sharepoint.com/sites/Development","environmentVariableName":"new_shared_sharepointonline_da1a00686a5f477ab8dea24cec10bace"},"dataSources":{"TicketingSystem_ServiceTickets":{"tableName":"21381d30-1b43-4867-861f-ddf1448a5141","tableNameOverride":{"name":"21381d30-1b43-4867-861f-ddf1448a5141","environmentVariableName":"new_shared_sharepointonline_7bfdbc07e4824e108ae870e1e319e1f1"}},"TicketingSystem_Teams":{"tableName":"b28b816c-28fd-4873-84b7-bc660bdaf7cc","tableNameOverride":{"name":"b28b816c-28fd-4873-84b7-bc660bdaf7cc","environmentVariableName":"new_shared_sharepointonline_1e357a40d0044e6bbb514dd368265d4b"}}}}},"apiTier":"Standard","actions":["providers/PowerPlatform.Governance/Operations/Read","providers/PowerPlatform.Governance/Operations/Write"]},"febad12c-3c88-4a09-b0d5-9cc6206870b1":{"id":"/providers/microsoft.powerapps/apis/shared_logicflows","displayName":"Logic flows","iconUri":"https://connectoricons-prod.azureedge.net/releases/v1.0.1653/1.0.1653.3403/logicflows/icon.png","dataSources":["SearchFlow"],"dependencies":["6b9561fc-84a3-4b44-84ab-f7e14b4ae361"],"dependents":[],"parameterHints":{"workflowName":{"value":"9fd5fe2f-94f8-473f-be96-ec79f27beaa9"},"workflowEntityId":{"value":"aac76a72-714f-ee11-be6d-000d3a455e20"},"6b9561fc-84a3-4b44-84ab-f7e14b4ae361":{"value":"shared_sharepointonline"}},"parameterHintsV2":{"workflowName":{"value":"9fd5fe2f-94f8-473f-be96-ec79f27beaa9"},"workflowEntityId":{"value":"aac76a72-714f-ee11-be6d-000d3a455e20"},"shared_sharepointonline":{"value":"6b9561fc-84a3-4b44-84ab-f7e14b4ae361"}},"isOnPremiseConnection":false,"bypassConsent":false,"dataSets":{},"apiTier":"Standard","actions":["Run"]}}</ConnectionReferences>
      <DatabaseReferences>{}</DatabaseReferences>
      <AppComponents>[]</AppComponents>
      <AppComponentDependencies>[]</AppComponentDependencies>
      <CanConsumeAppPass>1</CanConsumeAppPass>
      <CanvasAppType>0</CanvasAppType>
      <BypassConsent>0</BypassConsent>
      <AdminControlBypassConsent>0</AdminControlBypassConsent>
      <EmbeddedApp xsi:nil="true"></EmbeddedApp>
      <IntroducedVersion>1.0</IntroducedVersion>
      <CdsDependencies>{"cdsdependencies":[{"dependencyid":"aac76a72-714f-ee11-be6d-000d3a455e20","componenttype":29,"componenttypeplatformname":"Workflow"},{"logicalname":"new_shared_sharepointonline_da1a00686a5f477ab8dea24cec10bace","componenttype":380,"componenttypeplatformname":"EnvironmentVariableDefinition"},{"logicalname":"new_shared_sharepointonline_7bfdbc07e4824e108ae870e1e319e1f1","componenttype":380,"componenttypeplatformname":"EnvironmentVariableDefinition"},{"logicalname":"new_shared_sharepointonline_1e357a40d0044e6bbb514dd368265d4b","componenttype":380,"componenttypeplatformname":"EnvironmentVariableDefinition"}]}</CdsDependencies>
      <IsCustomizable>1</IsCustomizable>
      <BackgroundImageUri>/CanvasApps/daporh_ticketingsystemalt_d75b4_BackgroundImageUri</BackgroundImageUri>
      <DocumentUri>/CanvasApps/daporh_ticketingsystemalt_d75b4_DocumentUri.msapp</DocumentUri>
    </CanvasApp>
    <CanvasApp>
      <Name>daporh_ticketingsystem_2f210</Name>
      <AppVersion>2023-10-07T12:16:51Z</AppVersion>
      <Status>Ready</Status>
      <CreatedByClientVersion>3.23093.27.0</CreatedByClientVersion>
      <MinClientVersion>3.23093.27.0</MinClientVersion>
      <Tags>{"primaryDeviceWidth":"1366","primaryDeviceHeight":"768","supportsPortrait":"true","supportsLandscape":"true","primaryFormFactor":"Tablet","showStatusBar":"false","publisherVersion":"3.23093.27","minimumRequiredApiVersion":"2.2.0","hasComponent":"true","hasUnlockedComponent":"true","isUnifiedRootApp":"false","sienaVersion":"20231007T120037Z-3.23093.27.0"}</Tags>
      <IsCdsUpgraded>0</IsCdsUpgraded>
      <GalleryItemId xsi:nil="true"></GalleryItemId>
      <BackgroundColor>RGBA(0,176,240,1)</BackgroundColor>
      <DisplayName>Ticketing System</DisplayName>
      <Description xsi:nil="true"></Description>
      <CommitMessage xsi:nil="true"></CommitMessage>
      <Publisher xsi:nil="true"></Publisher>
      <AuthorizationReferences>[]</AuthorizationReferences>
      <ConnectionReferences>{"f07163c8-7faf-43e4-9bb6-538fc390cd79":{"id":"/providers/microsoft.powerapps/apis/shared_office365users","displayName":"Office 365 Users","iconUri":"https://connectoricons-prod.azureedge.net/u/henryorsborn/partial-builds/asev3migrations-with-resourceTemplate/1.0.1653.3414/office365users/icon.png","dataSources":["Office365Users"],"dependencies":[],"dependents":[],"parameterHints":{},"parameterHintsV2":{},"isOnPremiseConnection":false,"bypassConsent":false,"dataSets":{},"apiTier":"Standard","actions":["MyProfile_V2"]},"109dd15f-8a04-4879-8e6d-eaffdcc5d8b5":{"id":"/providers/microsoft.powerapps/apis/shared_sharepointonline","displayName":"SharePoint","iconUri":"https://connectoricons-prod.azureedge.net/u/henryorsborn/partial-builds/asev3migrations-with-resourceTemplate/1.0.1653.3414/sharepointonline/icon.png","dataSources":["TicketingSystem_ServiceTickets","TicketingSystem_Teams"],"dependencies":[],"dependents":["834a1482-f6b2-48fc-adb6-a443b5068c68"],"parameterHints":{},"parameterHintsV2":{},"isOnPremiseConnection":false,"bypassConsent":false,"dataSets":{"https://5tc1fr.sharepoint.com/sites/Development_new_shared_sharepointonline_da1a00686a5f477ab8dea24cec10bace":{"datasetOverride":{"name":"https://5tc1fr.sharepoint.com/sites/Development","environmentVariableName":"new_shared_sharepointonline_da1a00686a5f477ab8dea24cec10bace"},"dataSources":{"TicketingSystem_ServiceTickets":{"tableName":"21381d30-1b43-4867-861f-ddf1448a5141","tableNameOverride":{"name":"21381d30-1b43-4867-861f-ddf1448a5141","environmentVariableName":"new_shared_sharepointonline_7bfdbc07e4824e108ae870e1e319e1f1"}},"TicketingSystem_Teams":{"tableName":"b28b816c-28fd-4873-84b7-bc660bdaf7cc","tableNameOverride":{"name":"b28b816c-28fd-4873-84b7-bc660bdaf7cc","environmentVariableName":"new_shared_sharepointonline_1e357a40d0044e6bbb514dd368265d4b"}}}}},"apiTier":"Standard","actions":["providers/PowerPlatform.Governance/Operations/Read","providers/PowerPlatform.Governance/Operations/Write"]},"834a1482-f6b2-48fc-adb6-a443b5068c68":{"id":"/providers/microsoft.powerapps/apis/shared_logicflows","displayName":"Logic flows","iconUri":"https://connectoricons-prod.azureedge.net/releases/v1.0.1653/1.0.1653.3403/logicflows/icon.png","dataSources":["SearchFlow"],"dependencies":["109dd15f-8a04-4879-8e6d-eaffdcc5d8b5"],"dependents":[],"parameterHints":{"workflowName":{"value":"329f4375-2764-4087-b220-04a8c3170c78"},"workflowEntityId":{"value":"aac76a72-714f-ee11-be6d-000d3a455e20"},"109dd15f-8a04-4879-8e6d-eaffdcc5d8b5":{"value":"shared_sharepointonline"}},"parameterHintsV2":{"workflowName":{"value":"329f4375-2764-4087-b220-04a8c3170c78"},"workflowEntityId":{"value":"aac76a72-714f-ee11-be6d-000d3a455e20"},"shared_sharepointonline":{"value":"109dd15f-8a04-4879-8e6d-eaffdcc5d8b5"}},"isOnPremiseConnection":false,"bypassConsent":false,"dataSets":{},"apiTier":"Standard","actions":["Run"]}}</ConnectionReferences>
      <DatabaseReferences>{}</DatabaseReferences>
      <AppComponents>[]</AppComponents>
      <AppComponentDependencies>[]</AppComponentDependencies>
      <CanConsumeAppPass>1</CanConsumeAppPass>
      <CanvasAppType>0</CanvasAppType>
      <BypassConsent>0</BypassConsent>
      <AdminControlBypassConsent>0</AdminControlBypassConsent>
      <EmbeddedApp xsi:nil="true"></EmbeddedApp>
      <IntroducedVersion>1.0</IntroducedVersion>
      <CdsDependencies>{"cdsdependencies":[{"dependencyid":"aac76a72-714f-ee11-be6d-000d3a455e20","componenttype":29,"componenttypeplatformname":"Workflow"},{"logicalname":"new_shared_sharepointonline_da1a00686a5f477ab8dea24cec10bace","componenttype":380,"componenttypeplatformname":"EnvironmentVariableDefinition"},{"logicalname":"new_shared_sharepointonline_7bfdbc07e4824e108ae870e1e319e1f1","componenttype":380,"componenttypeplatformname":"EnvironmentVariableDefinition"},{"logicalname":"new_shared_sharepointonline_1e357a40d0044e6bbb514dd368265d4b","componenttype":380,"componenttypeplatformname":"EnvironmentVariableDefinition"}]}</CdsDependencies>
      <IsCustomizable>1</IsCustomizable>
      <BackgroundImageUri>/CanvasApps/daporh_ticketingsystem_2f210_BackgroundImageUri</BackgroundImageUri>
      <DocumentUri>/CanvasApps/daporh_ticketingsystem_2f210_DocumentUri.msapp</DocumentUri>
    </CanvasApp>
  </CanvasApps>
  <connectionreferences>
    <connectionreference connectionreferencelogicalname="daporh_sharedsharepointonline_3b2df">
      <connectionreferencedisplayname>SharePoint SPListSolutionDemo-3b2df</connectionreferencedisplayname>
      <connectorid>/providers/Microsoft.PowerApps/apis/shared_sharepointonline</connectorid>
      <iscustomizable>1</iscustomizable>
      <statecode>0</statecode>
      <statuscode>1</statuscode>
    </connectionreference>
  </connectionreferences>
  <Languages>
    <Language>1033</Language>
  </Languages>
</ImportExportXml>