<environmentvariabledefinition schemaname="new_shared_sharepointonline_7bfdbc07e4824e108ae870e1e319e1f1">
  <apiid>/providers/microsoft.powerapps/apis/shared_sharepointonline</apiid>
  <displayname default="TicketingSystem_ServiceTickets">
    <label description="TicketingSystem_ServiceTickets" languagecode="1033" />
  </displayname>
  <introducedversion>1.0</introducedversion>
  <iscustomizable>1</iscustomizable>
  <isrequired>0</isrequired>
  <parameterkey>table</parameterkey>
  <parentdefinitionid>
    <schemaname>new_shared_sharepointonline_da1a00686a5f477ab8dea24cec10bace</schemaname>
  </parentdefinitionid>
  <secretstore>0</secretstore>
  <type>100000004</type>
</environmentvariabledefinition>